"SUID","0.001_ 12_corsparcc.txt(1)_present","0.001_ 1_corsparcc.txt_present","Dn-Score (degree corrected)","DyNet Rewiring (Dn-score)","Edge Count","name","selected","shared name"
"103191","true","true","0.42227979274611394","81.49999999999999","193","BacV5_Otu_000006","false","BacV5_Otu_000006"
"103192","true","true","0.4494382022471911","40.00000000000001","89","BacV5_Otu_000002","false","BacV5_Otu_000002"
"103193","true","true","0.44491525423728806","52.49999999999999","118","BacV5_Otu_000009","false","BacV5_Otu_000009"
"103194","true","true","0.3846153846153847","5.000000000000001","13","BacV5_Otu_000015","false","BacV5_Otu_000015"
"103195","true","true","0.44936708860759494","71.0","158","BacV5_Otu_000022","false","BacV5_Otu_000022"
"103196","true","true","0.409090909090909","8.999999999999998","22","BacV5_Otu_000025","false","BacV5_Otu_000025"
"103197","true","true","0.49047619047619045","51.5","105","BacV5_Otu_000031","false","BacV5_Otu_000031"
"103198","true","true","0.4761904761904763","10.000000000000002","21","BacV5_Otu_000036","false","BacV5_Otu_000036"
"103199","true","true","0.42452830188679247","45.0","106","BacV5_Otu_000042","false","BacV5_Otu_000042"
"103200","true","false","0.5000000000000001","29.000000000000004","58","BacV5_Otu_000044","false","BacV5_Otu_000044"
"103201","true","true","0.45","13.5","30","BacV5_Otu_000075","false","BacV5_Otu_000075"
"103202","true","true","0.4878048780487806","20.000000000000004","41","BacV5_Otu_000077","false","BacV5_Otu_000077"
"103203","true","true","0.4435483870967742","27.5","62","BacV5_Otu_000086","false","BacV5_Otu_000086"
"103204","true","true","0.5000000000000001","9.500000000000002","19","BacV5_Otu_000151","false","BacV5_Otu_000151"
"103205","true","true","0.4483695652173913","82.5","184","BacV5_Otu_000157","false","BacV5_Otu_000157"
"103206","true","true","0.4254807692307692","88.5","208","BacV5_Otu_000179","false","BacV5_Otu_000179"
"103207","true","true","0.42857142857142855","87.0","203","BacV5_Otu_000191","false","BacV5_Otu_000191"
"103208","true","false","0.5","43.0","86","BacV5_Otu_000208","false","BacV5_Otu_000208"
"103209","true","true","0.49615384615384617","64.5","130","BacV5_Otu_000328","false","BacV5_Otu_000328"
"103210","true","false","0.49999999999999994","47.99999999999999","96","BacV5_Otu_000385","false","BacV5_Otu_000385"
"103211","true","true","0.4388489208633094","61.00000000000001","139","Ftrad_Otu_00001","false","Ftrad_Otu_00001"
"103212","true","true","0.4385026737967914","82.0","187","Ftrad_Otu_00006","false","Ftrad_Otu_00006"
"103213","true","true","0.4241573033707865","75.5","178","Ftrad_Otu_00008","false","Ftrad_Otu_00008"
"103214","true","true","0.43506493506493504","33.5","77","Ftrad_Otu_00028","false","Ftrad_Otu_00028"
"103215","true","true","0.45454545454545464","85.00000000000001","187","Ftrad_Otu_00062","false","Ftrad_Otu_00062"
"103216","true","true","0.4125","49.5","120","Ftrad_Otu_00098","false","Ftrad_Otu_00098"
"103217","true","true","0.4950980392156863","50.5","102","Ftrad_Otu_00106","false","Ftrad_Otu_00106"
"103218","true","false","0.5000000000000001","39.00000000000001","78","Ftrad_Otu_00123","false","Ftrad_Otu_00123"
"103219","true","false","0.5","60.5","121","Ftrad_Otu_00124","false","Ftrad_Otu_00124"
"103220","true","false","0.5","50.5","101","Ftrad_Otu_00143","false","Ftrad_Otu_00143"
"103221","true","false","0.49999999999999994","50.99999999999999","102","Ftrad_Otu_00148","false","Ftrad_Otu_00148"
"103222","true","false","0.5000000000000001","53.00000000000001","106","Ftrad_Otu_00179","false","Ftrad_Otu_00179"
"103223","true","false","0.5","45.0","90","Ftrad_Otu_00232","false","Ftrad_Otu_00232"
"103224","true","false","0.5000000000000001","40.00000000000001","80","Ftrad_Otu_00253","false","Ftrad_Otu_00253"
"103225","true","false","0.5","37.0","74","Ftrad_Otu_00296","false","Ftrad_Otu_00296"
"103226","true","true","0.46261682242990654","49.5","107","BacV5_Otu_000017","false","BacV5_Otu_000017"
"103227","true","true","0.44256756756756754","65.5","148","BacV5_Otu_000003","false","BacV5_Otu_000003"
"103228","true","true","0.3865979381443299","75.0","194","BacV5_Otu_000057","false","BacV5_Otu_000057"
"103229","true","true","0.46428571428571425","51.99999999999999","112","BacV5_Otu_000095","false","BacV5_Otu_000095"
"103230","true","true","0.4298245614035088","49.0","114","BacV5_Otu_000129","false","BacV5_Otu_000129"
"103231","true","true","0.42567567567567566","94.5","222","BacV5_Otu_000159","false","BacV5_Otu_000159"
"103232","true","true","0.4417808219178082","64.5","146","BacV5_Otu_000194","false","BacV5_Otu_000194"
"103233","true","true","0.45073891625615764","91.5","203","BacV5_Otu_000196","false","BacV5_Otu_000196"
"103234","true","true","0.4427083333333334","85.00000000000001","192","BacV5_Otu_000206","false","BacV5_Otu_000206"
"103235","true","false","0.5","10.5","21","BacV5_Otu_000237","false","BacV5_Otu_000237"
"103236","true","false","0.5","33.5","67","BacV5_Otu_000266","false","BacV5_Otu_000266"
"103237","true","false","0.5000000000000001","3.5000000000000004","7","BacV5_Otu_000284","false","BacV5_Otu_000284"
"103238","true","true","0.43956043956043966","80.00000000000001","182","BacV5_Otu_000343","false","BacV5_Otu_000343"
"103239","true","false","0.5","49.0","98","BacV5_Otu_000394","false","BacV5_Otu_000394"
"103240","true","false","0.5","49.0","98","BacV5_Otu_000415","false","BacV5_Otu_000415"
"103241","true","false","0.49999999999999994","51.99999999999999","104","BacV5_Otu_000416","false","BacV5_Otu_000416"
"103242","true","false","0.4999999999999999","36.49999999999999","73","BacV5_Otu_000471","false","BacV5_Otu_000471"
"103243","true","false","0.5000000000000001","38.00000000000001","76","BacV5_Otu_000542","false","BacV5_Otu_000542"
"103244","true","true","0.4408602150537635","41.00000000000001","93","Ftrad_Otu_00011","false","Ftrad_Otu_00011"
"103245","true","true","0.43670886075949367","69.0","158","Ftrad_Otu_00029","false","Ftrad_Otu_00029"
"103246","true","true","0.4558823529411764","61.99999999999999","136","Ftrad_Otu_00047","false","Ftrad_Otu_00047"
"103247","true","true","0.47286821705426363","61.00000000000001","129","Ftrad_Otu_00054","false","Ftrad_Otu_00054"
"103248","true","true","0.5","43.0","86","Ftrad_Otu_00070","false","Ftrad_Otu_00070"
"103249","true","false","0.5000000000000001","47.00000000000001","94","Ftrad_Otu_00073","false","Ftrad_Otu_00073"
"103250","true","false","0.5","35.0","70","Ftrad_Otu_00078","false","Ftrad_Otu_00078"
"103251","true","false","0.5","72.0","144","Ftrad_Otu_00105","false","Ftrad_Otu_00105"
"103252","true","true","0.4687500000000001","37.50000000000001","80","Ftrad_Otu_00130","false","Ftrad_Otu_00130"
"103253","true","false","0.5","45.0","90","Ftrad_Otu_00169","false","Ftrad_Otu_00169"
"103254","true","false","0.49999999999999994","44.49999999999999","89","Ftrad_Otu_00183","false","Ftrad_Otu_00183"
"103255","true","false","0.5","32.0","64","Ftrad_Otu_00192","false","Ftrad_Otu_00192"
"103256","true","true","0.4324324324324325","64.00000000000001","148","Ftrad_Otu_00215","false","Ftrad_Otu_00215"
"103257","true","false","0.5","34.5","69","Ftrad_Otu_00252","false","Ftrad_Otu_00252"
"103258","true","false","0.5","51.5","103","Ftrad_Otu_00278","false","Ftrad_Otu_00278"
"103259","true","false","0.4999999999999999","8.999999999999998","18","Ftrad_Otu_00298","false","Ftrad_Otu_00298"
"103260","true","true","0.5","27.0","54","Otrad_Otu_00030","false","Otrad_Otu_00030"
"103261","true","true","0.45","67.5","150","BacV5_Otu_000011","false","BacV5_Otu_000011"
"103262","true","true","0.4005376344086021","74.49999999999999","186","BacV5_Otu_000004","false","BacV5_Otu_000004"
"103263","true","true","0.39855072463768115","82.5","207","BacV5_Otu_000012","false","BacV5_Otu_000012"
"103264","true","true","0.40497737556561086","89.5","221","BacV5_Otu_000013","false","BacV5_Otu_000013"
"103265","true","true","0.3972602739726027","87.0","219","BacV5_Otu_000027","false","BacV5_Otu_000027"
"103266","true","true","0.43115942028985504","59.49999999999999","138","BacV5_Otu_000030","false","BacV5_Otu_000030"
"103267","true","true","0.38442211055276376","76.49999999999999","199","BacV5_Otu_000033","false","BacV5_Otu_000033"
"103268","true","true","0.42178770949720673","75.5","179","BacV5_Otu_000034","false","BacV5_Otu_000034"
"103269","true","true","0.39473684210526316","75.0","190","BacV5_Otu_000040","false","BacV5_Otu_000040"
"103270","true","true","0.36585365853658536","75.0","205","BacV5_Otu_000041","false","BacV5_Otu_000041"
"103271","true","true","0.36999999999999994","73.99999999999999","200","BacV5_Otu_000043","false","BacV5_Otu_000043"
"103272","true","true","0.4705882352941176","47.99999999999999","102","BacV5_Otu_000045","false","BacV5_Otu_000045"
"103273","true","true","0.4681818181818182","51.5","110","BacV5_Otu_000046","false","BacV5_Otu_000046"
"103274","true","true","0.48947368421052634","46.5","95","BacV5_Otu_000048","false","BacV5_Otu_000048"
"103275","true","true","0.39617486338797814","72.5","183","BacV5_Otu_000059","false","BacV5_Otu_000059"
"103276","true","true","0.4345238095238094","36.49999999999999","84","BacV5_Otu_000062","false","BacV5_Otu_000062"
"103277","true","true","0.3553299492385787","70.0","197","BacV5_Otu_000063","false","BacV5_Otu_000063"
"103278","true","true","0.4258064516129032","66.0","155","BacV5_Otu_000065","false","BacV5_Otu_000065"
"103279","true","true","0.40683229813664595","65.5","161","BacV5_Otu_000069","false","BacV5_Otu_000069"
"103280","true","true","0.3575","71.5","200","BacV5_Otu_000071","false","BacV5_Otu_000071"
"103281","true","true","0.4141791044776119","55.49999999999999","134","BacV5_Otu_000074","false","BacV5_Otu_000074"
"103282","true","true","0.4095744680851064","77.0","188","BacV5_Otu_000080","false","BacV5_Otu_000080"
"103283","true","true","0.4666666666666667","49.0","105","BacV5_Otu_000083","false","BacV5_Otu_000083"
"103284","true","true","0.42654028436018965","90.00000000000001","211","BacV5_Otu_000084","false","BacV5_Otu_000084"
"103285","true","true","0.41853932584269654","74.49999999999999","178","BacV5_Otu_000085","false","BacV5_Otu_000085"
"103286","true","true","0.44718309859154926","63.49999999999999","142","BacV5_Otu_000088","false","BacV5_Otu_000088"
"103287","true","true","0.42207792207792205","65.0","154","BacV5_Otu_000089","false","BacV5_Otu_000089"
"103288","true","true","0.41666666666666674","40.00000000000001","96","BacV5_Otu_000090","false","BacV5_Otu_000090"
"103289","true","true","0.37187499999999996","59.49999999999999","160","BacV5_Otu_000092","false","BacV5_Otu_000092"
"103290","true","true","0.47674418604651164","20.5","43","BacV5_Otu_000093","false","BacV5_Otu_000093"
"103291","true","false","0.49999999999999994","55.49999999999999","111","BacV5_Otu_000094","false","BacV5_Otu_000094"
"103292","true","true","0.3735955056179776","66.50000000000001","178","BacV5_Otu_000103","false","BacV5_Otu_000103"
"103293","true","true","0.4864864864864865","54.0","111","BacV5_Otu_000106","false","BacV5_Otu_000106"
"103294","true","true","0.48","72.0","150","BacV5_Otu_000107","false","BacV5_Otu_000107"
"103295","true","true","0.5","24.5","49","BacV5_Otu_000110","false","BacV5_Otu_000110"
"103296","true","false","0.5","60.0","120","BacV5_Otu_000112","false","BacV5_Otu_000112"
"103297","true","true","0.39285714285714285","71.5","182","BacV5_Otu_000115","false","BacV5_Otu_000115"
"103298","true","true","0.4395973154362416","65.5","149","BacV5_Otu_000116","false","BacV5_Otu_000116"
"103299","true","false","0.5","31.0","62","BacV5_Otu_000117","false","BacV5_Otu_000117"
"103300","true","true","0.4585987261146497","72.0","157","BacV5_Otu_000118","false","BacV5_Otu_000118"
"103301","true","true","0.4586466165413534","61.00000000000001","133","BacV5_Otu_000120","false","BacV5_Otu_000120"
"103302","true","true","0.42941176470588227","36.49999999999999","85","BacV5_Otu_000122","false","BacV5_Otu_000122"
"103303","true","true","0.4612903225806452","71.5","155","BacV5_Otu_000126","false","BacV5_Otu_000126"
"103304","true","true","0.3835227272727273","67.5","176","BacV5_Otu_000136","false","BacV5_Otu_000136"
"103305","true","true","0.4322033898305084","76.49999999999999","177","BacV5_Otu_000137","false","BacV5_Otu_000137"
"103306","true","true","0.41726618705035967","57.99999999999999","139","BacV5_Otu_000138","false","BacV5_Otu_000138"
"103307","true","false","0.5","32.0","64","BacV5_Otu_000139","false","BacV5_Otu_000139"
"103308","true","true","0.38036809815950917","61.99999999999999","163","BacV5_Otu_000143","false","BacV5_Otu_000143"
"103309","true","true","0.4791666666666666","45.99999999999999","96","BacV5_Otu_000147","false","BacV5_Otu_000147"
"103310","true","true","0.4506172839506172","36.49999999999999","81","BacV5_Otu_000149","false","BacV5_Otu_000149"
"103311","true","true","0.4395161290322581","54.50000000000001","124","BacV5_Otu_000150","false","BacV5_Otu_000150"
"103312","true","false","0.5","84.5","169","BacV5_Otu_000152","false","BacV5_Otu_000152"
"103313","true","true","0.46153846153846156","72.0","156","BacV5_Otu_000154","false","BacV5_Otu_000154"
"103314","true","false","0.5000000000000001","16.000000000000004","32","BacV5_Otu_000155","false","BacV5_Otu_000155"
"103315","true","true","0.4318181818181818","57.0","132","BacV5_Otu_000156","false","BacV5_Otu_000156"
"103316","true","true","0.46774193548387105","29.000000000000004","62","BacV5_Otu_000158","false","BacV5_Otu_000158"
"103317","true","true","0.43809523809523804","45.99999999999999","105","BacV5_Otu_000170","false","BacV5_Otu_000170"
"103318","true","true","0.47419354838709676","73.5","155","BacV5_Otu_000171","false","BacV5_Otu_000171"
"103319","true","true","0.4801980198019801","48.49999999999999","101","BacV5_Otu_000172","false","BacV5_Otu_000172"
"103320","true","false","0.5","43.0","86","BacV5_Otu_000174","false","BacV5_Otu_000174"
"103321","true","true","0.4362745098039216","89.0","204","BacV5_Otu_000180","false","BacV5_Otu_000180"
"103322","true","false","0.5","59.0","118","BacV5_Otu_000182","false","BacV5_Otu_000182"
"103323","true","false","0.5","45.5","91","BacV5_Otu_000185","false","BacV5_Otu_000185"
"103324","true","true","0.4196428571428572","47.00000000000001","112","BacV5_Otu_000186","false","BacV5_Otu_000186"
"103325","true","true","0.4240506329113924","33.5","79","BacV5_Otu_000187","false","BacV5_Otu_000187"
"103326","true","false","0.49999999999999994","45.99999999999999","92","BacV5_Otu_000190","false","BacV5_Otu_000190"
"103327","true","true","0.4269005847953216","73.0","171","BacV5_Otu_000195","false","BacV5_Otu_000195"
"103328","true","true","0.43421052631578955","33.00000000000001","76","BacV5_Otu_000197","false","BacV5_Otu_000197"
"103329","true","true","0.44776119402985076","60.0","134","BacV5_Otu_000199","false","BacV5_Otu_000199"
"103330","true","false","0.5","79.5","159","BacV5_Otu_000201","false","BacV5_Otu_000201"
"103331","true","true","0.43617021276595747","20.5","47","BacV5_Otu_000203","false","BacV5_Otu_000203"
"103332","true","true","0.41666666666666663","52.49999999999999","126","BacV5_Otu_000209","false","BacV5_Otu_000209"
"103333","true","false","0.5000000000000001","20.000000000000004","40","BacV5_Otu_000216","false","BacV5_Otu_000216"
"103334","true","false","0.5","75.5","151","BacV5_Otu_000223","false","BacV5_Otu_000223"
"103335","true","false","0.4999999999999999","81.49999999999999","163","BacV5_Otu_000226","false","BacV5_Otu_000226"
"103336","true","false","0.5","54.0","108","BacV5_Otu_000241","false","BacV5_Otu_000241"
"103337","true","false","0.49999999999999994","50.99999999999999","102","BacV5_Otu_000248","false","BacV5_Otu_000248"
"103338","true","false","0.5000000000000001","53.00000000000001","106","BacV5_Otu_000249","false","BacV5_Otu_000249"
"103339","true","false","0.5","75.5","151","BacV5_Otu_000255","false","BacV5_Otu_000255"
"103340","true","false","0.49999999999999994","44.49999999999999","89","BacV5_Otu_000258","false","BacV5_Otu_000258"
"103341","true","true","0.4583333333333333","49.5","108","BacV5_Otu_000261","false","BacV5_Otu_000261"
"103342","true","false","0.5","39.5","79","BacV5_Otu_000268","false","BacV5_Otu_000268"
"103343","true","false","0.5","60.0","120","BacV5_Otu_000270","false","BacV5_Otu_000270"
"103344","true","false","0.49999999999999994","59.49999999999999","119","BacV5_Otu_000272","false","BacV5_Otu_000272"
"103345","true","false","0.5000000000000001","47.00000000000001","94","BacV5_Otu_000297","false","BacV5_Otu_000297"
"103346","true","false","0.5000000000000001","22.500000000000004","45","BacV5_Otu_000301","false","BacV5_Otu_000301"
"103347","true","false","0.49999999999999994","50.99999999999999","102","BacV5_Otu_000305","false","BacV5_Otu_000305"
"103348","true","false","0.5","40.5","81","BacV5_Otu_000309","false","BacV5_Otu_000309"
"103349","true","false","0.5","27.5","55","BacV5_Otu_000320","false","BacV5_Otu_000320"
"103350","true","false","0.5","65.0","130","BacV5_Otu_000334","false","BacV5_Otu_000334"
"103351","true","false","0.5","78.0","156","BacV5_Otu_000344","false","BacV5_Otu_000344"
"103352","true","false","0.4999999999999999","35.99999999999999","72","BacV5_Otu_000346","false","BacV5_Otu_000346"
"103353","true","false","0.5","11.0","22","BacV5_Otu_000368","false","BacV5_Otu_000368"
"103354","true","false","0.5000000000000001","39.00000000000001","78","BacV5_Otu_000387","false","BacV5_Otu_000387"
"103355","true","false","0.5","20.5","41","BacV5_Otu_000391","false","BacV5_Otu_000391"
"103356","true","false","0.49999999999999994","25.999999999999996","52","BacV5_Otu_000403","false","BacV5_Otu_000403"
"103357","true","false","0.5","65.5","131","BacV5_Otu_000414","false","BacV5_Otu_000414"
"103358","true","false","0.49999999999999994","47.49999999999999","95","BacV5_Otu_000424","false","BacV5_Otu_000424"
"103359","true","false","0.5","57.0","114","BacV5_Otu_000429","false","BacV5_Otu_000429"
"103360","true","false","0.49999999999999994","57.49999999999999","115","BacV5_Otu_000431","false","BacV5_Otu_000431"
"103361","true","false","0.49999999999999994","30.499999999999996","61","BacV5_Otu_000444","false","BacV5_Otu_000444"
"103362","true","false","0.49999999999999994","48.49999999999999","97","BacV5_Otu_000462","false","BacV5_Otu_000462"
"103363","true","false","0.5","50.5","101","BacV5_Otu_000677","false","BacV5_Otu_000677"
"103364","true","true","0.38571428571428573","54.0","140","Ftrad_Otu_00007","false","Ftrad_Otu_00007"
"103365","true","true","0.40517241379310354","47.00000000000001","116","Ftrad_Otu_00009","false","Ftrad_Otu_00009"
"103366","true","true","0.36764705882352944","62.50000000000001","170","Ftrad_Otu_00010","false","Ftrad_Otu_00010"
"103367","true","true","0.4567901234567901","37.0","81","Ftrad_Otu_00015","false","Ftrad_Otu_00015"
"103368","true","true","0.421875","54.0","128","Ftrad_Otu_00016","false","Ftrad_Otu_00016"
"103369","true","true","0.44565217391304346","20.5","46","Ftrad_Otu_00027","false","Ftrad_Otu_00027"
"103370","true","true","0.4853801169590644","83.00000000000001","171","Ftrad_Otu_00030","false","Ftrad_Otu_00030"
"103371","true","true","0.48058252427184467","49.5","103","Ftrad_Otu_00031","false","Ftrad_Otu_00031"
"103372","true","true","0.49050632911392406","77.5","158","Ftrad_Otu_00034","false","Ftrad_Otu_00034"
"103373","true","true","0.4029126213592233","41.5","103","Ftrad_Otu_00035","false","Ftrad_Otu_00035"
"103374","true","true","0.3832116788321167","52.49999999999999","137","Ftrad_Otu_00041","false","Ftrad_Otu_00041"
"103375","true","true","0.36513157894736836","55.49999999999999","152","Ftrad_Otu_00052","false","Ftrad_Otu_00052"
"103376","true","true","0.38961038961038963","60.0","154","Ftrad_Otu_00055","false","Ftrad_Otu_00055"
"103377","true","true","0.45698924731182794","42.5","93","Ftrad_Otu_00058","false","Ftrad_Otu_00058"
"103378","true","true","0.42152466367713004","94.0","223","Ftrad_Otu_00064","false","Ftrad_Otu_00064"
"103379","true","true","0.39417989417989413","74.49999999999999","189","Ftrad_Otu_00066","false","Ftrad_Otu_00066"
"103380","true","true","0.4193548387096774","51.99999999999999","124","Ftrad_Otu_00067","false","Ftrad_Otu_00067"
"103381","true","false","0.5000000000000001","33.00000000000001","66","Ftrad_Otu_00069","false","Ftrad_Otu_00069"
"103382","true","true","0.4325153374233129","70.5","163","Ftrad_Otu_00076","false","Ftrad_Otu_00076"
"103383","true","true","0.48601398601398593","69.49999999999999","143","Ftrad_Otu_00082","false","Ftrad_Otu_00082"
"103384","true","false","0.4999999999999999","35.99999999999999","72","Ftrad_Otu_00084","false","Ftrad_Otu_00084"
"103385","true","true","0.43617021276595747","102.5","235","Ftrad_Otu_00091","false","Ftrad_Otu_00091"
"103386","true","true","0.4805194805194804","73.99999999999999","154","Ftrad_Otu_00101","false","Ftrad_Otu_00101"
"103387","true","true","0.39416058394160586","54.0","137","Ftrad_Otu_00110","false","Ftrad_Otu_00110"
"103388","true","true","0.4302325581395348","18.499999999999996","43","Ftrad_Otu_00111","false","Ftrad_Otu_00111"
"103389","true","true","0.43908629441624364","86.5","197","Ftrad_Otu_00113","false","Ftrad_Otu_00113"
"103390","true","true","0.4859813084112149","51.99999999999999","107","Ftrad_Otu_00122","false","Ftrad_Otu_00122"
"103391","true","true","0.49324324324324315","36.49999999999999","74","Ftrad_Otu_00128","false","Ftrad_Otu_00128"
"103392","true","true","0.42857142857142855","42.0","98","Ftrad_Otu_00135","false","Ftrad_Otu_00135"
"103393","true","false","0.5","34.5","69","Ftrad_Otu_00142","false","Ftrad_Otu_00142"
"103394","true","false","0.5","23.0","46","Ftrad_Otu_00147","false","Ftrad_Otu_00147"
"103395","true","false","0.5000000000000001","43.50000000000001","87","Ftrad_Otu_00149","false","Ftrad_Otu_00149"
"103396","true","true","0.46646341463414626","76.49999999999999","164","Ftrad_Otu_00153","false","Ftrad_Otu_00153"
"103397","true","true","0.4260204081632653","83.5","196","Ftrad_Otu_00154","false","Ftrad_Otu_00154"
"103398","true","false","0.5000000000000001","39.00000000000001","78","Ftrad_Otu_00156","false","Ftrad_Otu_00156"
"103399","true","false","0.5","46.5","93","Ftrad_Otu_00161","false","Ftrad_Otu_00161"
"103400","true","false","0.49999999999999994","30.499999999999996","61","Ftrad_Otu_00162","false","Ftrad_Otu_00162"
"103401","true","true","0.4939759036144579","41.00000000000001","83","Ftrad_Otu_00167","false","Ftrad_Otu_00167"
"103402","true","true","0.4900990099009901","49.5","101","Ftrad_Otu_00177","false","Ftrad_Otu_00177"
"103403","true","true","0.4888888888888889","44.0","90","Ftrad_Otu_00190","false","Ftrad_Otu_00190"
"103404","true","false","0.5","34.0","68","Ftrad_Otu_00205","false","Ftrad_Otu_00205"
"103405","true","false","0.5000000000000001","37.50000000000001","75","Ftrad_Otu_00218","false","Ftrad_Otu_00218"
"103406","true","false","0.5000000000000001","61.50000000000001","123","Ftrad_Otu_00233","false","Ftrad_Otu_00233"
"103407","true","true","0.47142857142857153","33.00000000000001","70","Ftrad_Otu_00256","false","Ftrad_Otu_00256"
"103408","true","true","0.5","23.0","46","Ftrad_Otu_00262","false","Ftrad_Otu_00262"
"103409","true","false","0.5","63.0","126","Ftrad_Otu_00290","false","Ftrad_Otu_00290"
"103410","true","false","0.5000000000000001","22.500000000000004","45","Ftrad_Otu_00304","false","Ftrad_Otu_00304"
"103411","true","false","0.4999999999999999","18.999999999999996","38","Ftrad_Otu_00320","false","Ftrad_Otu_00320"
"103412","true","false","0.49999999999999994","57.99999999999999","116","Ftrad_Otu_00335","false","Ftrad_Otu_00335"
"103413","true","false","0.5","20.5","41","Ftrad_Otu_00372","false","Ftrad_Otu_00372"
"103414","true","false","0.4999999999999999","36.49999999999999","73","Ftrad_Otu_00381","false","Ftrad_Otu_00381"
"103415","true","false","0.5","28.5","57","Ftrad_Otu_00390","false","Ftrad_Otu_00390"
"103416","true","false","0.49999999999999994","29.499999999999996","59","Ftrad_Otu_00407","false","Ftrad_Otu_00407"
"103417","true","true","0.4939759036144579","41.00000000000001","83","Otrad_Otu_00002","false","Otrad_Otu_00002"
"103418","true","true","0.49999999999999994","2.9999999999999996","6","BacV5_Otu_000005","false","BacV5_Otu_000005"
"103419","true","true","0.4799999999999999","11.999999999999998","25","BacV5_Otu_000235","false","BacV5_Otu_000235"
"103420","true","false","0.4999999999999999","8.999999999999998","18","BacV5_Otu_000259","false","BacV5_Otu_000259"
"103421","true","true","0.45806451612903226","71.0","155","Ftrad_Otu_00004","false","Ftrad_Otu_00004"
"103422","true","true","0.45038167938931295","59.0","131","BacV5_Otu_000008","false","BacV5_Otu_000008"
"103423","true","true","0.5","41.5","83","BacV5_Otu_000058","false","BacV5_Otu_000058"
"103424","true","true","0.4554140127388535","71.5","157","BacV5_Otu_000072","false","BacV5_Otu_000072"
"103425","true","true","0.4583333333333333","16.5","36","BacV5_Otu_000097","false","BacV5_Otu_000097"
"103426","true","true","0.4109589041095891","30.000000000000004","73","BacV5_Otu_000113","false","BacV5_Otu_000113"
"103427","true","true","0.4855072463768116","33.5","69","BacV5_Otu_000123","false","BacV5_Otu_000123"
"103428","true","true","0.43617021276595747","20.5","47","BacV5_Otu_000132","false","BacV5_Otu_000132"
"103429","true","true","0.43617021276595747","20.5","47","BacV5_Otu_000142","false","BacV5_Otu_000142"
"103430","true","true","0.4576271186440678","27.0","59","BacV5_Otu_000164","false","BacV5_Otu_000164"
"103431","true","false","0.4999999999999999","8.999999999999998","18","BacV5_Otu_000177","false","BacV5_Otu_000177"
"103432","true","false","0.5","28.5","57","BacV5_Otu_000217","false","BacV5_Otu_000217"
"103433","true","true","0.5","51.5","103","BacV5_Otu_000219","false","BacV5_Otu_000219"
"103434","true","false","0.5","23.0","46","BacV5_Otu_000224","false","BacV5_Otu_000224"
"103435","true","false","0.5000000000000001","25.500000000000004","51","BacV5_Otu_000303","false","BacV5_Otu_000303"
"103436","true","false","0.5","5.5","11","BacV5_Otu_000314","false","BacV5_Otu_000314"
"103437","true","false","0.5","24.5","49","BacV5_Otu_000318","false","BacV5_Otu_000318"
"103438","true","false","0.5000000000000001","38.50000000000001","77","BacV5_Otu_000324","false","BacV5_Otu_000324"
"103439","true","false","0.49999999999999994","11.499999999999998","23","BacV5_Otu_000326","false","BacV5_Otu_000326"
"103440","true","false","0.49999999999999994","15.499999999999998","31","BacV5_Otu_000336","false","BacV5_Otu_000336"
"103441","true","true","0.44907407407407407","97.0","216","Ftrad_Otu_00003","false","Ftrad_Otu_00003"
"103442","true","true","0.44852941176470584","30.499999999999996","68","Ftrad_Otu_00026","false","Ftrad_Otu_00026"
"103443","true","false","0.5000000000000001","58.50000000000001","117","Ftrad_Otu_00061","false","Ftrad_Otu_00061"
"103444","true","true","0.4715909090909091","41.5","88","Ftrad_Otu_00072","false","Ftrad_Otu_00072"
"103445","true","false","0.5000000000000001","54.50000000000001","109","Ftrad_Otu_00089","false","Ftrad_Otu_00089"
"103446","true","false","0.49999999999999994","12.999999999999998","26","Ftrad_Otu_00121","false","Ftrad_Otu_00121"
"103447","true","true","0.4537037037037037","49.0","108","Ftrad_Otu_00125","false","Ftrad_Otu_00125"
"103448","true","false","0.49999999999999994","30.499999999999996","61","Ftrad_Otu_00137","false","Ftrad_Otu_00137"
"103449","true","false","0.5","41.5","83","Ftrad_Otu_00139","false","Ftrad_Otu_00139"
"103450","true","false","0.5","17.5","35","Ftrad_Otu_00141","false","Ftrad_Otu_00141"
"103451","true","true","0.4719626168224299","50.5","107","Ftrad_Otu_00164","false","Ftrad_Otu_00164"
"103452","true","false","0.5","28.0","56","Ftrad_Otu_00165","false","Ftrad_Otu_00165"
"103453","true","false","0.5","31.0","62","Ftrad_Otu_00204","false","Ftrad_Otu_00204"
"103454","true","true","0.4714285714285714","66.0","140","Ftrad_Otu_00213","false","Ftrad_Otu_00213"
"103455","true","false","0.5000000000000001","38.50000000000001","77","Ftrad_Otu_00221","false","Ftrad_Otu_00221"
"103456","true","false","0.49999999999999994","50.99999999999999","102","Ftrad_Otu_00254","false","Ftrad_Otu_00254"
"103457","true","false","0.5","19.5","39","Ftrad_Otu_00310","false","Ftrad_Otu_00310"
"103458","true","true","0.4503311258278146","68.0","151","Ftrad_Otu_00330","false","Ftrad_Otu_00330"
"103459","true","false","0.4999999999999999","18.499999999999996","37","Ftrad_Otu_00370","false","Ftrad_Otu_00370"
"103460","true","false","0.5000000000000001","25.000000000000004","50","Ftrad_Otu_00387","false","Ftrad_Otu_00387"
"103461","true","false","0.5","49.0","98","Ftrad_Otu_00394","false","Ftrad_Otu_00394"
"103462","true","false","0.5000000000000001","61.00000000000001","122","Ftrad_Otu_00512","false","Ftrad_Otu_00512"
"103463","true","false","0.49999999999999994","23.999999999999996","48","Otrad_Otu_00043","false","Otrad_Otu_00043"
"103464","true","true","0.4852941176470588","49.5","102","BacV5_Otu_000007","false","BacV5_Otu_000007"
"103465","true","true","0.4750000000000001","66.50000000000001","140","Ftrad_Otu_00042","false","Ftrad_Otu_00042"
"103466","true","true","0.4833333333333333","14.499999999999998","30","BacV5_Otu_000050","false","BacV5_Otu_000050"
"103467","true","true","0.4999999999999999","8.999999999999998","18","BacV5_Otu_000173","false","BacV5_Otu_000173"
"103468","true","true","0.44814814814814813","60.5","135","Ftrad_Otu_00002","false","Ftrad_Otu_00002"
"103469","true","true","0.4433333333333334","66.50000000000001","150","Ftrad_Otu_00005","false","Ftrad_Otu_00005"
"103470","true","true","0.46195652173913043","42.5","92","Ftrad_Otu_00036","false","Ftrad_Otu_00036"
"103471","true","true","0.4692307692307693","61.00000000000001","130","Ftrad_Otu_00037","false","Ftrad_Otu_00037"
"103472","true","true","0.47348484848484856","62.50000000000001","132","Ftrad_Otu_00060","false","Ftrad_Otu_00060"
"103473","true","true","0.41666666666666674","2.5000000000000004","6","BacV5_Otu_000037","false","BacV5_Otu_000037"
"103474","true","true","0.4744525547445255","65.0","137","Ftrad_Otu_00013","false","Ftrad_Otu_00013"
"103475","true","true","0.46093749999999994","29.499999999999996","64","Ftrad_Otu_00017","false","Ftrad_Otu_00017"
"103476","true","true","0.4758064516129032","29.499999999999996","62","Ftrad_Otu_00019","false","Ftrad_Otu_00019"
"103477","true","true","0.459016393442623","56.00000000000001","122","Ftrad_Otu_00043","false","Ftrad_Otu_00043"
"103478","true","true","0.4716981132075472","50.0","106","Ftrad_Otu_00093","false","Ftrad_Otu_00093"
"103479","true","true","0.4759036144578313","39.5","83","Ftrad_Otu_00114","false","Ftrad_Otu_00114"
"103480","true","true","0.5","7.0","14","Ftrad_Otu_00174","false","Ftrad_Otu_00174"
"103481","true","true","0.4537037037037037","24.5","54","Otrad_Otu_00001","false","Otrad_Otu_00001"
"103482","true","false","0.5","11.0","22","Otrad_Otu_00005","false","Otrad_Otu_00005"
"103483","true","true","0.47297297297297297","17.5","37","Otrad_Otu_00011","false","Otrad_Otu_00011"
"103484","true","true","0.4523809523809524","57.0","126","BacV5_Otu_000010","false","BacV5_Otu_000010"
"103485","true","true","0.49","49.0","100","BacV5_Otu_000066","false","BacV5_Otu_000066"
"103486","true","false","0.5000000000000001","3.5000000000000004","7","BacV5_Otu_000167","false","BacV5_Otu_000167"
"103487","true","true","0.4854368932038835","50.0","103","BacV5_Otu_000302","false","BacV5_Otu_000302"
"103488","true","true","0.46333333333333326","69.49999999999999","150","Ftrad_Otu_00012","false","Ftrad_Otu_00012"
"103489","true","true","0.4955752212389381","56.00000000000001","113","Ftrad_Otu_00022","false","Ftrad_Otu_00022"
"103490","true","true","0.4675925925925926","50.5","108","Ftrad_Otu_00039","false","Ftrad_Otu_00039"
"103491","true","true","0.4076923076923077","26.5","65","BacV5_Otu_000073","false","BacV5_Otu_000073"
"103492","true","false","0.5","19.5","39","BacV5_Otu_000183","false","BacV5_Otu_000183"
"103493","true","false","0.5","23.5","47","BacV5_Otu_000231","false","BacV5_Otu_000231"
"103494","true","true","0.46402877697841727","64.5","139","Ftrad_Otu_00048","false","Ftrad_Otu_00048"
"103495","true","true","0.49999999999999994","15.499999999999998","31","Ftrad_Otu_00151","false","Ftrad_Otu_00151"
"103496","true","false","0.49999999999999994","25.999999999999996","52","Ftrad_Otu_00197","false","Ftrad_Otu_00197"
"103497","true","false","0.5","27.5","55","Ftrad_Otu_00210","false","Ftrad_Otu_00210"
"103498","true","true","0.5","8.0","16","BacV5_Otu_000061","false","BacV5_Otu_000061"
"103499","true","true","0.43670886075949367","34.5","79","BacV5_Otu_000161","false","BacV5_Otu_000161"
"103500","true","true","0.45283018867924524","23.999999999999996","53","BacV5_Otu_000168","false","BacV5_Otu_000168"
"103501","true","false","0.5","4.5","9","BacV5_Otu_000222","false","BacV5_Otu_000222"
"103502","true","false","0.5000000000000001","33.00000000000001","66","BacV5_Otu_000243","false","BacV5_Otu_000243"
"103503","true","false","0.4999999999999999","18.499999999999996","37","BacV5_Otu_000276","false","BacV5_Otu_000276"
"103504","true","false","0.5","11.0","22","BacV5_Otu_000418","false","BacV5_Otu_000418"
"103505","true","true","0.43032786885245894","52.49999999999999","122","Ftrad_Otu_00020","false","Ftrad_Otu_00020"
"103506","true","false","0.5","21.0","42","Ftrad_Otu_00117","false","Ftrad_Otu_00117"
"103507","true","true","0.4192307692307693","54.50000000000001","130","Ftrad_Otu_00134","false","Ftrad_Otu_00134"
"103508","true","true","0.47019867549668876","71.0","151","Ftrad_Otu_00136","false","Ftrad_Otu_00136"
"103509","true","false","0.5000000000000001","9.500000000000002","19","Ftrad_Otu_00317","false","Ftrad_Otu_00317"
"103510","true","false","0.5000000000000001","9.500000000000002","19","Ftrad_Otu_00428","false","Ftrad_Otu_00428"
"103511","true","true","0.4636363636363637","25.500000000000004","55","BacV5_Otu_000076","false","BacV5_Otu_000076"
"103512","true","true","0.5","23.5","47","BacV5_Otu_000101","false","BacV5_Otu_000101"
"103513","true","true","0.5","5.5","11","BacV5_Otu_000124","false","BacV5_Otu_000124"
"103514","true","false","0.5","20.5","41","BacV5_Otu_000480","false","BacV5_Otu_000480"
"103515","true","false","0.5000000000000001","5.000000000000001","10","Ftrad_Otu_00025","false","Ftrad_Otu_00025"
"103516","true","true","0.45","45.0","100","Ftrad_Otu_00071","false","Ftrad_Otu_00071"
"103517","true","true","0.3823529411764705","32.49999999999999","85","Ftrad_Otu_00086","false","Ftrad_Otu_00086"
"103518","true","true","0.5","19.5","39","Ftrad_Otu_00133","false","Ftrad_Otu_00133"
"103519","true","true","0.45522388059701485","30.499999999999996","67","Ftrad_Otu_00185","false","Ftrad_Otu_00185"
"103520","true","false","0.5","15.0","30","Otrad_Otu_00055","false","Otrad_Otu_00055"
"103521","true","true","0.5000000000000001","25.500000000000004","51","Ftrad_Otu_00107","false","Ftrad_Otu_00107"
"103522","true","true","0.5","49.5","99","BacV5_Otu_000014","false","BacV5_Otu_000014"
"103523","true","true","0.47596153846153844","49.5","104","BacV5_Otu_000064","false","BacV5_Otu_000064"
"103524","true","true","0.47297297297297297","17.5","37","BacV5_Otu_000114","false","BacV5_Otu_000114"
"103525","true","true","0.43150684931506855","31.500000000000004","73","BacV5_Otu_000016","false","BacV5_Otu_000016"
"103526","true","true","0.44117647058823534","30.000000000000004","68","BacV5_Otu_000039","false","BacV5_Otu_000039"
"103527","true","true","0.4738805970149253","63.49999999999999","134","BacV5_Otu_000247","false","BacV5_Otu_000247"
"103528","true","false","0.49999999999999994","6.499999999999999","13","Otrad_Otu_00010","false","Otrad_Otu_00010"
"103529","true","true","0.5000000000000001","5.000000000000001","10","BacV5_Otu_000028","false","BacV5_Otu_000028"
"103530","true","false","0.5","10.5","21","BacV5_Otu_000211","false","BacV5_Otu_000211"
"103531","true","false","0.4999999999999999","18.499999999999996","37","BacV5_Otu_000236","false","BacV5_Otu_000236"
"103532","true","false","0.49999999999999994","29.499999999999996","59","BacV5_Otu_000342","false","BacV5_Otu_000342"
"103533","true","true","0.49999999999999994","50.99999999999999","102","Ftrad_Otu_00032","false","Ftrad_Otu_00032"
"103534","true","true","0.44067796610169485","51.99999999999999","118","Ftrad_Otu_00145","false","Ftrad_Otu_00145"
"103535","true","false","0.5000000000000001","5.000000000000001","10","Ftrad_Otu_00258","false","Ftrad_Otu_00258"
"103536","true","false","0.5","17.0","34","Ftrad_Otu_00352","false","Ftrad_Otu_00352"
"103537","true","true","0.4761904761904762","30.000000000000004","63","Ftrad_Otu_00222","false","Ftrad_Otu_00222"
"103538","true","true","0.39473684210526316","15.0","38","BacV5_Otu_000098","false","BacV5_Otu_000098"
"103539","true","false","0.5000000000000001","7.500000000000001","15","BacV5_Otu_000214","false","BacV5_Otu_000214"
"103540","true","false","0.5","17.0","34","BacV5_Otu_000221","false","BacV5_Otu_000221"
"103541","true","true","0.48255813953488375","41.5","86","Ftrad_Otu_00038","false","Ftrad_Otu_00038"
"103542","true","true","0.4529411764705883","38.50000000000001","85","Ftrad_Otu_00049","false","Ftrad_Otu_00049"
"103543","true","false","0.49999999999999994","6.499999999999999","13","Ftrad_Otu_00207","false","Ftrad_Otu_00207"
"103544","true","true","0.5000000000000001","1.0000000000000002","2","BacV5_Otu_000176","false","BacV5_Otu_000176"
"103545","true","true","0.4772727272727273","42.0","88","Ftrad_Otu_00108","false","Ftrad_Otu_00108"
"103546","true","true","0.48913043478260876","22.500000000000004","46","Ftrad_Otu_00044","false","Ftrad_Otu_00044"
"103547","true","true","0.5","22.0","44","Ftrad_Otu_00112","false","Ftrad_Otu_00112"
"103548","true","false","0.5000000000000001","2.5000000000000004","5","BacV5_Otu_000331","false","BacV5_Otu_000331"
"103549","true","true","0.4642857142857142","32.49999999999999","70","Ftrad_Otu_00024","false","Ftrad_Otu_00024"
"103550","true","true","0.4602272727272727","40.5","88","Ftrad_Otu_00079","false","Ftrad_Otu_00079"
"103551","true","true","0.49576271186440685","58.50000000000001","118","Ftrad_Otu_00080","false","Ftrad_Otu_00080"
"103552","true","false","0.5","24.5","49","Ftrad_Otu_00175","false","Ftrad_Otu_00175"
"103553","true","false","0.5000000000000001","9.500000000000002","19","Ftrad_Otu_00393","false","Ftrad_Otu_00393"
"103554","true","false","0.5","4.5","9","Ftrad_Otu_00524","false","Ftrad_Otu_00524"
"103555","true","true","0.49999999999999994","6.499999999999999","13","BacV5_Otu_000081","false","BacV5_Otu_000081"
"103556","true","true","0.4166666666666667","27.5","66","BacV5_Otu_000102","false","BacV5_Otu_000102"
"103557","true","true","0.48913043478260876","22.500000000000004","46","BacV5_Otu_000166","false","BacV5_Otu_000166"
"103558","true","false","0.5","0.5","1","Ftrad_Otu_00198","false","Ftrad_Otu_00198"
"103559","true","false","0.49999999999999994","2.9999999999999996","6","Ftrad_Otu_00456","false","Ftrad_Otu_00456"
"103560","true","false","0.5","4.5","9","BacV5_Otu_000178","false","BacV5_Otu_000178"
"103561","true","false","0.5000000000000001","5.000000000000001","10","BacV5_Otu_000417","false","BacV5_Otu_000417"
"103562","true","true","0.5000000000000001","7.500000000000001","15","Ftrad_Otu_00051","false","Ftrad_Otu_00051"
"103563","true","true","0.49999999999999994","45.99999999999999","92","Ftrad_Otu_00021","false","Ftrad_Otu_00021"
"103564","true","false","0.5000000000000001","5.000000000000001","10","Ftrad_Otu_00220","false","Ftrad_Otu_00220"
"103565","true","true","0.42857142857142855","15.0","35","BacV5_Otu_000119","false","BacV5_Otu_000119"
"103566","true","true","0.48928571428571427","68.5","140","BacV5_Otu_000285","false","BacV5_Otu_000285"
"103567","true","true","0.5","7.0","14","Otrad_Otu_00033","false","Otrad_Otu_00033"
"103568","true","true","0.5","15.0","30","Ftrad_Otu_00088","false","Ftrad_Otu_00088"
"103569","true","false","0.5000000000000001","5.000000000000001","10","Ftrad_Otu_00212","false","Ftrad_Otu_00212"
"103570","true","true","0.48214285714285715","27.0","56","BacV5_Otu_000251","false","BacV5_Otu_000251"
"103571","true","false","0.5","19.5","39","Ftrad_Otu_00371","false","Ftrad_Otu_00371"
"103572","true","false","0.5000000000000001","4.000000000000001","8","Ftrad_Otu_00506","false","Ftrad_Otu_00506"
"103573","true","true","0.4799999999999999","11.999999999999998","25","BacV5_Otu_000105","false","BacV5_Otu_000105"
"103574","true","true","0.49295774647887325","35.0","71","Ftrad_Otu_00096","false","Ftrad_Otu_00096"
"103575","true","false","0.5","0.5","1","Otrad_Otu_00068","false","Otrad_Otu_00068"
"103576","true","true","0.4999999999999999","18.999999999999996","38","BacV5_Otu_000145","false","BacV5_Otu_000145"
"103577","true","false","0.49999999999999994","30.499999999999996","61","BacV5_Otu_000406","false","BacV5_Otu_000406"
"103578","true","true","0.5000000000000001","7.500000000000001","15","BacV5_Otu_000052","false","BacV5_Otu_000052"
"103579","true","false","0.5000000000000001","5.000000000000001","10","Ftrad_Otu_00309","false","Ftrad_Otu_00309"
"103580","true","true","0.47126436781609204","41.00000000000001","87","BacV5_Otu_000053","false","BacV5_Otu_000053"
"103581","true","true","0.4666666666666667","35.0","75","BacV5_Otu_000134","false","BacV5_Otu_000134"
"103582","true","true","0.4785714285714286","33.5","70","BacV5_Otu_000213","false","BacV5_Otu_000213"
"103583","true","false","0.49999999999999994","2.9999999999999996","6","Ftrad_Otu_00231","false","Ftrad_Otu_00231"
"103584","true","true","0.49411764705882355","42.0","85","BacV5_Otu_000055","false","BacV5_Otu_000055"
"103585","true","true","0.4866071428571429","54.50000000000001","112","BacV5_Otu_000056","false","BacV5_Otu_000056"
"103586","true","true","0.46206896551724136","67.0","145","BacV5_Otu_000096","false","BacV5_Otu_000096"
"103587","true","true","0.46774193548387105","29.000000000000004","62","BacV5_Otu_000104","false","BacV5_Otu_000104"
"103588","true","true","0.47328244274809156","61.99999999999999","131","BacV5_Otu_000127","false","BacV5_Otu_000127"
"103589","true","true","0.4891304347826087","45.0","92","Ftrad_Otu_00092","false","Ftrad_Otu_00092"
"103590","true","false","0.49999999999999994","5.999999999999999","12","Ftrad_Otu_00480","false","Ftrad_Otu_00480"
"103591","true","true","0.41025641025641035","16.000000000000004","39","BacV5_Otu_000169","false","BacV5_Otu_000169"
"103592","true","false","0.5000000000000001","9.500000000000002","19","BacV5_Otu_000207","false","BacV5_Otu_000207"
"103593","true","true","0.4791666666666666","45.99999999999999","96","Ftrad_Otu_00056","false","Ftrad_Otu_00056"
"103594","true","false","0.5000000000000001","10.000000000000002","20","Ftrad_Otu_00202","false","Ftrad_Otu_00202"
"103595","true","true","0.5","11.0","22","BacV5_Otu_000060","false","BacV5_Otu_000060"
"103596","true","true","0.4814814814814814","12.999999999999998","27","BacV5_Otu_000160","false","BacV5_Otu_000160"
"103597","true","false","0.5000000000000001","2.5000000000000004","5","Ftrad_Otu_00241","false","Ftrad_Otu_00241"
"103598","true","false","0.5000000000000001","4.000000000000001","8","BacV5_Otu_000295","false","BacV5_Otu_000295"
"103599","true","true","0.4714285714285714","16.5","35","BacV5_Otu_000100","false","BacV5_Otu_000100"
"103600","true","true","0.5","12.5","25","BacV5_Otu_000130","false","BacV5_Otu_000130"
"103601","true","true","0.44117647058823534","22.500000000000004","51","BacV5_Otu_000131","false","BacV5_Otu_000131"
"103602","true","true","0.5000000000000001","9.500000000000002","19","BacV5_Otu_000141","false","BacV5_Otu_000141"
"103603","true","false","0.5","13.5","27","BacV5_Otu_000210","false","BacV5_Otu_000210"
"103604","true","true","0.5","8.5","17","BacV5_Otu_000230","false","BacV5_Otu_000230"
"103605","true","false","0.49999999999999994","6.499999999999999","13","BacV5_Otu_000238","false","BacV5_Otu_000238"
"103606","true","false","0.5","13.5","27","BacV5_Otu_000267","false","BacV5_Otu_000267"
"103607","true","false","0.5000000000000001","9.500000000000002","19","BacV5_Otu_000317","false","BacV5_Otu_000317"
"103608","true","false","0.49999999999999994","6.499999999999999","13","BacV5_Otu_000322","false","BacV5_Otu_000322"
"103609","true","false","0.5","7.0","14","BacV5_Otu_000333","false","BacV5_Otu_000333"
"103610","true","false","0.4999999999999999","8.999999999999998","18","Ftrad_Otu_00144","false","Ftrad_Otu_00144"
"103611","true","true","0.4638554216867471","38.50000000000001","83","BacV5_Otu_000068","false","BacV5_Otu_000068"
"103612","true","false","0.49999999999999994","12.999999999999998","26","BacV5_Otu_000498","false","BacV5_Otu_000498"
"103613","true","true","0.4871794871794873","38.00000000000001","78","Ftrad_Otu_00176","false","Ftrad_Otu_00176"
"103614","true","false","0.5000000000000001","14.000000000000002","28","BacV5_Otu_000277","false","BacV5_Otu_000277"
"103615","true","false","0.5","10.5","21","Ftrad_Otu_00189","false","Ftrad_Otu_00189"
"103616","true","false","0.5","2.0","4","BacV5_Otu_000433","false","BacV5_Otu_000433"
"103617","true","false","0.5","2.0","4","BacV5_Otu_000204","false","BacV5_Otu_000204"
"103618","true","true","0.4999999999999999","18.499999999999996","37","Ftrad_Otu_00090","false","Ftrad_Otu_00090"
"103619","true","false","0.49999999999999994","12.999999999999998","26","Ftrad_Otu_00281","false","Ftrad_Otu_00281"
"103620","true","false","0.5000000000000001","2.5000000000000004","5","Ftrad_Otu_00166","false","Ftrad_Otu_00166"
"103621","true","true","0.4811320754716982","25.500000000000004","53","Otrad_Otu_00003","false","Otrad_Otu_00003"
"103622","true","true","0.496268656716418","66.50000000000001","134","BacV5_Otu_000293","false","BacV5_Otu_000293"
"103623","true","true","0.4791666666666666","11.499999999999998","24","BacV5_Otu_000144","false","BacV5_Otu_000144"
"103624","true","false","0.5000000000000001","3.5000000000000004","7","BacV5_Otu_000379","false","BacV5_Otu_000379"
"103625","true","false","0.5000000000000001","4.000000000000001","8","BacV5_Otu_000321","false","BacV5_Otu_000321"
"103626","true","false","0.5000000000000001","2.5000000000000004","5","BacV5_Otu_000244","false","BacV5_Otu_000244"
"103627","true","false","0.5000000000000001","3.5000000000000004","7","BacV5_Otu_000228","false","BacV5_Otu_000228"
"103628","true","false","0.5000000000000001","1.0000000000000002","2","Ftrad_Otu_00268","false","Ftrad_Otu_00268"
"103629","true","false","0.5","7.0","14","Ftrad_Otu_00276","false","Ftrad_Otu_00276"
"103630","true","false","0.49999999999999994","2.9999999999999996","6","BacV5_Otu_000189","false","BacV5_Otu_000189"
"103631","true","true","0.4318181818181819","9.500000000000002","22","BacV5_Otu_000260","false","BacV5_Otu_000260"
"103632","true","false","0.5","8.0","16","BacV5_Otu_000299","false","BacV5_Otu_000299"
"103633","true","false","0.49999999999999994","2.9999999999999996","6","Ftrad_Otu_00126","false","Ftrad_Otu_00126"
"103634","true","false","0.49999999999999994","1.4999999999999998","3","BacV5_Otu_000250","false","BacV5_Otu_000250"
"103635","true","true","0.5000000000000001","38.50000000000001","77","Ftrad_Otu_00129","false","Ftrad_Otu_00129"
"103636","true","true","0.49375","39.5","80","Ftrad_Otu_00014","false","Ftrad_Otu_00014"
"103637","true","false","0.5000000000000001","1.0000000000000002","2","Ftrad_Otu_00119","false","Ftrad_Otu_00119"
"103638","true","false","0.49999999999999994","2.9999999999999996","6","BacV5_Otu_000323","false","BacV5_Otu_000323"
"103639","true","true","0.4854368932038835","50.0","103","Ftrad_Otu_00131","false","Ftrad_Otu_00131"
"103640","true","true","0.4895833333333334","47.00000000000001","96","Ftrad_Otu_00045","false","Ftrad_Otu_00045"
"103641","true","false","0.5","2.0","4","BacV5_Otu_000288","false","BacV5_Otu_000288"
"103642","true","false","0.5000000000000001","4.000000000000001","8","BacV5_Otu_000341","false","BacV5_Otu_000341"
"103643","true","false","0.5","0.5","1","BacV5_Otu_000133","false","BacV5_Otu_000133"
"103644","true","false","0.49999999999999994","1.4999999999999998","3","BacV5_Otu_000294","false","BacV5_Otu_000294"
"103645","true","true","0.4999999999999999","8.999999999999998","18","Ftrad_Otu_00095","false","Ftrad_Otu_00095"
"103646","true","false","0.5","4.5","9","Ftrad_Otu_00288","false","Ftrad_Otu_00288"
"103647","true","false","0.5","2.0","4","BacV5_Otu_000146","false","BacV5_Otu_000146"
"103648","true","false","0.5","0.5","1","BacV5_Otu_000148","false","BacV5_Otu_000148"
"103649","true","true","0.49576271186440685","58.50000000000001","118","BacV5_Otu_000153","false","BacV5_Otu_000153"
"103650","true","true","0.48979591836734687","23.999999999999996","49","BacV5_Otu_000163","false","BacV5_Otu_000163"
"103651","true","true","0.4945054945054945","45.0","91","BacV5_Otu_000212","false","BacV5_Otu_000212"
"103652","true","true","0.5","10.5","21","Ftrad_Otu_00159","false","Ftrad_Otu_00159"
"103653","true","false","0.5","2.0","4","Ftrad_Otu_00331","false","Ftrad_Otu_00331"
"103654","true","false","0.5","0.5","1","BacV5_Otu_000279","false","BacV5_Otu_000279"
"103655","true","true","0.5000000000000001","25.500000000000004","51","Ftrad_Otu_00163","false","Ftrad_Otu_00163"
"103656","true","false","0.49999999999999994","2.9999999999999996","6","Ftrad_Otu_00383","false","Ftrad_Otu_00383"
"103657","true","true","0.4836065573770491","29.499999999999996","61","Otrad_Otu_00024","false","Otrad_Otu_00024"
"103658","true","false","0.5","2.0","4","BacV5_Otu_000329","false","BacV5_Otu_000329"
"103659","true","false","0.5","0.5","1","Ftrad_Otu_00068","false","Ftrad_Otu_00068"
"103660","true","true","0.46026490066225156","69.49999999999999","151","Ftrad_Otu_00018","false","Ftrad_Otu_00018"
"103661","true","false","0.5","2.0","4","Ftrad_Otu_00457","false","Ftrad_Otu_00457"
"103662","true","false","0.5","2.0","4","Ftrad_Otu_00471","false","Ftrad_Otu_00471"
"103663","true","false","0.5000000000000001","1.0000000000000002","2","BacV5_Otu_000339","false","BacV5_Otu_000339"
"103664","true","false","0.5","0.5","1","BacV5_Otu_000564","false","BacV5_Otu_000564"
"103665","true","false","0.5","2.0","4","Ftrad_Otu_00280","false","Ftrad_Otu_00280"
"103666","true","true","0.5000000000000001","5.000000000000001","10","Ftrad_Otu_00033","false","Ftrad_Otu_00033"
"103667","true","true","0.5000000000000001","5.000000000000001","10","Ftrad_Otu_00087","false","Ftrad_Otu_00087"
"103668","true","false","0.5","0.5","1","Ftrad_Otu_00360","false","Ftrad_Otu_00360"
"103669","true","true","0.46875","15.0","32","Ftrad_Otu_00132","false","Ftrad_Otu_00132"
"103670","true","true","0.5","54.0","108","Ftrad_Otu_00057","false","Ftrad_Otu_00057"
"103671","true","true","0.48823529411764705","41.5","85","Ftrad_Otu_00109","false","Ftrad_Otu_00109"
"103672","true","true","0.49115044247787604","55.49999999999999","113","Ftrad_Otu_00099","false","Ftrad_Otu_00099"
"103673","true","true","0.4954954954954955","55.0","111","Ftrad_Otu_00023","false","Ftrad_Otu_00023"
"103674","true","false","0.5000000000000001","1.0000000000000002","2","Ftrad_Otu_00102","false","Ftrad_Otu_00102"
"103675","true","false","0.5","2.0","4","Ftrad_Otu_00180","false","Ftrad_Otu_00180"
"103676","true","false","0.5","2.0","4","Ftrad_Otu_00251","false","Ftrad_Otu_00251"
"103677","true","false","0.49999999999999994","2.9999999999999996","6","Ftrad_Otu_00354","false","Ftrad_Otu_00354"
"103678","true","false","0.5000000000000001","1.0000000000000002","2","Ftrad_Otu_00200","false","Ftrad_Otu_00200"
"103679","true","false","0.5","0.5","1","Ftrad_Otu_00224","false","Ftrad_Otu_00224"
"103680","true","false","0.5","0.5","1","Ftrad_Otu_00336","false","Ftrad_Otu_00336"
"103681","true","true","0.5","12.5","25","Ftrad_Otu_00152","false","Ftrad_Otu_00152"
"103682","true","false","0.5000000000000001","1.0000000000000002","2","Ftrad_Otu_00307","false","Ftrad_Otu_00307"
"103683","true","false","0.5","0.5","1","Ftrad_Otu_00265","false","Ftrad_Otu_00265"
"103684","true","false","0.5000000000000001","1.0000000000000002","2","Ftrad_Otu_00292","false","Ftrad_Otu_00292"
"103685","true","true","0.49999999999999994","1.4999999999999998","3","Otrad_Otu_00008","false","Otrad_Otu_00008"
"116434","false","true","0.5000000000000001","37.50000000000001","75","BacV5_Otu_000067","false","BacV5_Otu_000067"
"116435","false","true","0.49999999999999994","63.49999999999999","127","BacV5_Otu_000225","false","BacV5_Otu_000225"
"116436","false","true","0.5000000000000001","66.50000000000001","133","BacV5_Otu_000278","false","BacV5_Otu_000278"
"116437","false","true","0.5","49.5","99","BacV5_Otu_000289","false","BacV5_Otu_000289"
"116438","false","true","0.5000000000000001","54.50000000000001","109","BacV5_Otu_000347","false","BacV5_Otu_000347"
"116439","false","true","0.5000000000000001","58.50000000000001","117","BacV5_Otu_000408","false","BacV5_Otu_000408"
"116440","false","true","0.5","65.5","131","BacV5_Otu_000689","false","BacV5_Otu_000689"
"116441","false","true","0.49999999999999994","12.999999999999998","26","Ftrad_Otu_00229","false","Ftrad_Otu_00229"
"116442","false","true","0.5000000000000001","39.00000000000001","78","BacV5_Otu_000175","false","BacV5_Otu_000175"
"116443","false","true","0.5000000000000001","43.50000000000001","87","BacV5_Otu_000200","false","BacV5_Otu_000200"
"116444","false","true","0.49999999999999994","45.99999999999999","92","BacV5_Otu_000253","false","BacV5_Otu_000253"
"116445","false","true","0.5","41.5","83","BacV5_Otu_000254","false","BacV5_Otu_000254"
"116446","false","true","0.49999999999999994","44.49999999999999","89","BacV5_Otu_000262","false","BacV5_Otu_000262"
"116447","false","true","0.5000000000000001","61.50000000000001","123","BacV5_Otu_000290","false","BacV5_Otu_000290"
"116448","false","true","0.5","66.0","132","BacV5_Otu_000291","false","BacV5_Otu_000291"
"116449","false","true","0.5","70.0","140","BacV5_Otu_000782","false","BacV5_Otu_000782"
"116450","false","true","0.5000000000000001","33.00000000000001","66","Ftrad_Otu_00158","false","Ftrad_Otu_00158"
"116451","false","true","0.5","44.0","88","Ftrad_Otu_00216","false","Ftrad_Otu_00216"
"116452","false","true","0.5","17.5","35","Ftrad_Otu_00040","false","Ftrad_Otu_00040"
"116453","false","true","0.5","26.5","53","Ftrad_Otu_00187","false","Ftrad_Otu_00187"
"116454","false","true","0.5","13.5","27","Ftrad_Otu_00235","false","Ftrad_Otu_00235"
"116455","false","true","0.5","39.5","79","Ftrad_Otu_00300","false","Ftrad_Otu_00300"
"116456","false","true","0.4999999999999999","36.49999999999999","73","Ftrad_Otu_00311","false","Ftrad_Otu_00311"
"116457","false","true","0.49999999999999994","25.999999999999996","52","Ftrad_Otu_00353","false","Ftrad_Otu_00353"
"116458","false","true","0.5","16.5","33","Ftrad_Otu_00075","false","Ftrad_Otu_00075"
"116459","false","true","0.5000000000000001","29.000000000000004","58","Ftrad_Otu_00345","false","Ftrad_Otu_00345"
"116460","false","true","0.5","42.0","84","BacV5_Otu_000273","false","BacV5_Otu_000273"
"116461","false","true","0.49999999999999994","2.9999999999999996","6","Ftrad_Otu_00346","false","Ftrad_Otu_00346"
"116462","false","true","0.49999999999999994","5.999999999999999","12","Ftrad_Otu_00338","false","Ftrad_Otu_00338"
"116463","false","true","0.5","8.5","17","Ftrad_Otu_00059","false","Ftrad_Otu_00059"
"116464","false","true","0.5","2.0","4","Ftrad_Otu_00203","false","Ftrad_Otu_00203"
"116465","false","true","0.49999999999999994","1.4999999999999998","3","Ftrad_Otu_00050","false","Ftrad_Otu_00050"
"116466","false","true","0.5000000000000001","4.000000000000001","8","Ftrad_Otu_00534","false","Ftrad_Otu_00534"
